{
    "name": "ortholinear_4",
    "vendorId": "0xFEED",
    "productId": "0x0000",
    "matrix": {
        "rows": 3,
        "cols": 11
    },
    "layouts": {
        "labels": [
            [
                "Layout",
                "LAYOUT"
            ]
        ],
        "keymap": [
            [
                {
                    "r": -90,
                    "rx": 1.3322676295501878e-15,
                    "ry": 0
                },
                "0,10\n\n\n0,0"
            ],
            [
                {
                    "r": -90,
                    "rx": 2.000000000000001,
                    "ry": 0
                },
                "2,10\n\n\n0,0"
            ],
            [
                {
                    "r": -90,
                    "rx": 1.0000000000000018,
                    "ry": 8.881784197001252e-16
                },
                "1,10\n\n\n0,0"
            ],
            [
                {
                    "r": -90,
                    "rx": 2.0000000000000018,
                    "ry": 0.9999999999999991
                },
                "2,9\n\n\n0,0"
            ],
            [
                {
                    "r": -90,
                    "rx": 1.7763568394002505e-15,
                    "ry": 1
                },
                "0,9\n\n\n0,0"
            ],
            [
                {
                    "r": -90,
                    "rx": 1.0000000000000009,
                    "ry": 1
                },
                "1,9\n\n\n0,0"
            ],
            [
                {
                    "r": -90,
                    "rx": 1.7763568394002505e-15,
                    "ry": 1.9999999999999991
                },
                "0,8\n\n\n0,0"
            ],
            [
                {
                    "r": -90,
                    "rx": 1.0000000000000009,
                    "ry": 2
                },
                "1,8\n\n\n0,0"
            ],
            [
                {
                    "r": -90,
                    "rx": 2.000000000000001,
                    "ry": 2
                },
                "2,8\n\n\n0,0"
            ],
            [
                {
                    "r": -90,
                    "rx": 1.7763568394002505e-15,
                    "ry": 3
                },
                "0,7\n\n\n0,0"
            ],
            [
                {
                    "r": -90,
                    "rx": 1.0000000000000009,
                    "ry": 3
                },
                "1,7\n\n\n0,0"
            ],
            [
                {
                    "r": -90,
                    "rx": 2.000000000000001,
                    "ry": 3
                },
                "2,7\n\n\n0,0"
            ],
            [
                {
                    "r": -90,
                    "rx": 8.881784197001252e-16,
                    "ry": 4
                },
                "0,6\n\n\n0,0"
            ],
            [
                {
                    "r": -90,
                    "rx": 1.0000000000000009,
                    "ry": 4
                },
                "1,6\n\n\n0,0"
            ],
            [
                {
                    "r": -90,
                    "rx": 2.000000000000001,
                    "ry": 4
                },
                "2,6\n\n\n0,0"
            ],
            [
                {
                    "r": -90,
                    "rx": 2.000000000000001,
                    "ry": 5
                },
                "2,5\n\n\n0,0"
            ],
            [
                {
                    "r": -90,
                    "rx": 2.000000000000001,
                    "ry": 6
                },
                "2,4\n\n\n0,0"
            ],
            [
                {
                    "r": -90,
                    "rx": 8.881784197001252e-16,
                    "ry": 7
                },
                "0,3\n\n\n0,0"
            ],
            [
                {
                    "r": -90,
                    "rx": 1.0000000000000018,
                    "ry": 7
                },
                "1,3\n\n\n0,0"
            ],
            [
                {
                    "r": -90,
                    "rx": 2.000000000000001,
                    "ry": 7
                },
                "2,3\n\n\n0,0"
            ],
            [
                {
                    "r": -90,
                    "rx": 0,
                    "ry": 8
                },
                "0,2\n\n\n0,0"
            ],
            [
                {
                    "r": -90,
                    "rx": 1.0000000000000027,
                    "ry": 8
                },
                "1,2\n\n\n0,0"
            ],
            [
                {
                    "r": -90,
                    "rx": 2.000000000000001,
                    "ry": 8
                },
                "2,2\n\n\n0,0"
            ],
            [
                {
                    "r": -90,
                    "rx": 0,
                    "ry": 9
                },
                "0,1\n\n\n0,0"
            ],
            [
                {
                    "r": -90,
                    "rx": 1.0000000000000009,
                    "ry": 9
                },
                "1,1\n\n\n0,0"
            ],
            [
                {
                    "r": -90,
                    "rx": 2,
                    "ry": 9
                },
                "2,1\n\n\n0,0"
            ],
            [
                {
                    "r": -90,
                    "rx": 0,
                    "ry": 10
                },
                "0,0\n\n\n0,0"
            ],
            [
                {
                    "r": -90,
                    "rx": 0.9999999999999973,
                    "ry": 10
                },
                "1,0\n\n\n0,0"
            ],
            [
                {
                    "r": -90,
                    "rx": 2,
                    "ry": 10
                },
                "2,0\n\n\n0,0"
            ]
        ]
    }
}